<!--

    Copyright 2017 The Mifos Initiative.

    Licensed under the Apache License, Version 2.0 (the "License");
    you may not use this file except in compliance with the License.
    You may obtain a copy of the License at

       http://www.apache.org/licenses/LICENSE-2.0

    Unless required by applicable law or agreed to in writing, software
    distributed under the License is distributed on an "AS IS" BASIS,
    WITHOUT WARRANTIES OR CONDITIONS OF ANY KIND, either express or implied.
    See the License for the specific language governing permissions and
    limitations under the License.

-->
<configuration>
    <appender name="FILE" class="ch.qos.logback.core.rolling.RollingFileAppender">
        <file>logs/accounting.log</file>
        <rollingPolicy class="ch.qos.logback.core.rolling.TimeBasedRollingPolicy">
            <fileNamePattern>logs/archive/accounting.%d{yyyy-MM-dd}.log</fileNamePattern>
            <maxHistory>7</maxHistory>
            <totalSizeCap>2GB</totalSizeCap>
        </rollingPolicy>
        <encoder>
            <pattern>%d{HH:mm:ss.SSS} [%thread] %-5level %logger{36} - %msg%n</pattern>
        </encoder>
    </appender>
    <appender name="STDOUT" class="ch.qos.logback.core.ConsoleAppender">
        <encoder>
            <pattern>%d{HH:mm:ss.SSS} [%thread] %-5level %logger{36} - %msg%n</pattern>
        </encoder>
    </appender>

    <logger name="com" level="INFO">
        <appender-ref ref="STDOUT" />
    </logger>

    <logger name="org" level="INFO">
        <appender-ref ref="STDOUT" />
    </logger>

    <logger name="io" level="INFO">
        <appender-ref ref="STDOUT" />
    </logger>

    <logger name="net" level="INFO">
        <appender-ref ref="STDOUT" />
    </logger>

    <root level="DEBUG">
        <appender-ref ref="FILE"/>
    </root>
</configuration>